<annotation>
	<folder>images</folder>
	<filename>videoplayback2783.jpg</filename>
	<path>/Users/aditi/w251/MIDS_HW8/images/videoplayback2783.jpg</path>
	<source>
		<database>Unknown</database>
	</source>
	<size>
		<width>1000</width>
		<height>563</height>
		<depth>3</depth>
	</size>
	<segmented>0</segmented>
	<object>
		<name>tieFighter</name>
		<pose>Unspecified</pose>
		<truncated>0</truncated>
		<difficult>0</difficult>
		<bndbox>
			<xmin>409</xmin>
			<ymin>204</ymin>
			<xmax>464</xmax>
			<ymax>265</ymax>
		</bndbox>
	</object>
	<object>
		<name>tieFighter</name>
		<pose>Unspecified</pose>
		<truncated>0</truncated>
		<difficult>0</difficult>
		<bndbox>
			<xmin>6</xmin>
			<ymin>325</ymin>
			<xmax>50</xmax>
			<ymax>387</ymax>
		</bndbox>
	</object>
</annotation>
