<annotation>
	<folder>images</folder>
	<filename>videoplayback0814.jpg</filename>
	<path>/Users/aditi/w251/MIDS_HW8/images/videoplayback0814.jpg</path>
	<source>
		<database>Unknown</database>
	</source>
	<size>
		<width>1000</width>
		<height>563</height>
		<depth>3</depth>
	</size>
	<segmented>0</segmented>
	<object>
		<name>tieFighter</name>
		<pose>Unspecified</pose>
		<truncated>0</truncated>
		<difficult>0</difficult>
		<bndbox>
			<xmin>224</xmin>
			<ymin>173</ymin>
			<xmax>245</xmax>
			<ymax>189</ymax>
		</bndbox>
	</object>
	<object>
		<name>mFalcon</name>
		<pose>Unspecified</pose>
		<truncated>0</truncated>
		<difficult>0</difficult>
		<bndbox>
			<xmin>264</xmin>
			<ymin>220</ymin>
			<xmax>740</xmax>
			<ymax>351</ymax>
		</bndbox>
	</object>
</annotation>
