<annotation>
	<folder>images</folder>
	<filename>videoplayback0057.jpg</filename>
	<path>/Users/aditi/w251/MIDS_HW8/images/videoplayback0057.jpg</path>
	<source>
		<database>Unknown</database>
	</source>
	<size>
		<width>1000</width>
		<height>563</height>
		<depth>3</depth>
	</size>
	<segmented>0</segmented>
	<object>
		<name>tieFighter</name>
		<pose>Unspecified</pose>
		<truncated>0</truncated>
		<difficult>0</difficult>
		<bndbox>
			<xmin>138</xmin>
			<ymin>139</ymin>
			<xmax>160</xmax>
			<ymax>153</ymax>
		</bndbox>
	</object>
	<object>
		<name>tieFighter</name>
		<pose>Unspecified</pose>
		<truncated>0</truncated>
		<difficult>0</difficult>
		<bndbox>
			<xmin>165</xmin>
			<ymin>158</ymin>
			<xmax>181</xmax>
			<ymax>176</ymax>
		</bndbox>
	</object>
</annotation>
