<annotation>
	<folder>images</folder>
	<filename>videoplayback3804.jpg</filename>
	<path>/Users/aditi/w251/MIDS_HW8/images/videoplayback3804.jpg</path>
	<source>
		<database>Unknown</database>
	</source>
	<size>
		<width>1000</width>
		<height>563</height>
		<depth>3</depth>
	</size>
	<segmented>0</segmented>
	<object>
		<name>tieFighter</name>
		<pose>Unspecified</pose>
		<truncated>0</truncated>
		<difficult>0</difficult>
		<bndbox>
			<xmin>335</xmin>
			<ymin>232</ymin>
			<xmax>457</xmax>
			<ymax>345</ymax>
		</bndbox>
	</object>
	<object>
		<name>tieFighter</name>
		<pose>Unspecified</pose>
		<truncated>0</truncated>
		<difficult>0</difficult>
		<bndbox>
			<xmin>495</xmin>
			<ymin>301</ymin>
			<xmax>531</xmax>
			<ymax>342</ymax>
		</bndbox>
	</object>
	<object>
		<name>mFalcon</name>
		<pose>Unspecified</pose>
		<truncated>0</truncated>
		<difficult>0</difficult>
		<bndbox>
			<xmin>482</xmin>
			<ymin>338</ymin>
			<xmax>514</xmax>
			<ymax>360</ymax>
		</bndbox>
	</object>
</annotation>
