<annotation>
	<folder>images</folder>
	<filename>videoplayback3672.jpg</filename>
	<path>/Users/aditi/w251/MIDS_HW8/images/videoplayback3672.jpg</path>
	<source>
		<database>Unknown</database>
	</source>
	<size>
		<width>1000</width>
		<height>563</height>
		<depth>3</depth>
	</size>
	<segmented>0</segmented>
	<object>
		<name>mFalcon</name>
		<pose>Unspecified</pose>
		<truncated>0</truncated>
		<difficult>0</difficult>
		<bndbox>
			<xmin>353</xmin>
			<ymin>162</ymin>
			<xmax>736</xmax>
			<ymax>402</ymax>
		</bndbox>
	</object>
	<object>
		<name>tieFighter</name>
		<pose>Unspecified</pose>
		<truncated>0</truncated>
		<difficult>0</difficult>
		<bndbox>
			<xmin>881</xmin>
			<ymin>329</ymin>
			<xmax>922</xmax>
			<ymax>369</ymax>
		</bndbox>
	</object>
</annotation>
