<annotation>
	<folder>images</folder>
	<filename>videoplayback0517.jpg</filename>
	<path>/Users/aditi/w251/MIDS_HW8/images/videoplayback0517.jpg</path>
	<source>
		<database>Unknown</database>
	</source>
	<size>
		<width>1000</width>
		<height>563</height>
		<depth>3</depth>
	</size>
	<segmented>0</segmented>
	<object>
		<name>tieFighter</name>
		<pose>Unspecified</pose>
		<truncated>0</truncated>
		<difficult>0</difficult>
		<bndbox>
			<xmin>50</xmin>
			<ymin>162</ymin>
			<xmax>102</xmax>
			<ymax>216</ymax>
		</bndbox>
	</object>
	<object>
		<name>tieFighter</name>
		<pose>Unspecified</pose>
		<truncated>0</truncated>
		<difficult>0</difficult>
		<bndbox>
			<xmin>240</xmin>
			<ymin>273</ymin>
			<xmax>263</xmax>
			<ymax>291</ymax>
		</bndbox>
	</object>
</annotation>
