<annotation>
	<folder>images</folder>
	<filename>videoplayback2789.jpg</filename>
	<path>/Users/aditi/w251/MIDS_HW8/images/videoplayback2789.jpg</path>
	<source>
		<database>Unknown</database>
	</source>
	<size>
		<width>1000</width>
		<height>563</height>
		<depth>3</depth>
	</size>
	<segmented>0</segmented>
	<object>
		<name>tieFighter</name>
		<pose>Unspecified</pose>
		<truncated>0</truncated>
		<difficult>0</difficult>
		<bndbox>
			<xmin>475</xmin>
			<ymin>215</ymin>
			<xmax>525</xmax>
			<ymax>279</ymax>
		</bndbox>
	</object>
	<object>
		<name>tieFighter</name>
		<pose>Unspecified</pose>
		<truncated>0</truncated>
		<difficult>0</difficult>
		<bndbox>
			<xmin>109</xmin>
			<ymin>328</ymin>
			<xmax>159</xmax>
			<ymax>388</ymax>
		</bndbox>
	</object>
</annotation>
