<annotation>
	<folder>images</folder>
	<filename>videoplayback0108.jpg</filename>
	<path>/Users/aditi/w251/MIDS_HW8/images/videoplayback0108.jpg</path>
	<source>
		<database>Unknown</database>
	</source>
	<size>
		<width>1000</width>
		<height>563</height>
		<depth>3</depth>
	</size>
	<segmented>0</segmented>
	<object>
		<name>tieFighter</name>
		<pose>Unspecified</pose>
		<truncated>0</truncated>
		<difficult>0</difficult>
		<bndbox>
			<xmin>123</xmin>
			<ymin>255</ymin>
			<xmax>146</xmax>
			<ymax>272</ymax>
		</bndbox>
	</object>
	<object>
		<name>tieFighter</name>
		<pose>Unspecified</pose>
		<truncated>0</truncated>
		<difficult>0</difficult>
		<bndbox>
			<xmin>148</xmin>
			<ymin>273</ymin>
			<xmax>174</xmax>
			<ymax>294</ymax>
		</bndbox>
	</object>
</annotation>
