<annotation>
	<folder>images</folder>
	<filename>videoplayback1667.jpg</filename>
	<path>/Users/aditi/w251/MIDS_HW8/images/videoplayback1667.jpg</path>
	<source>
		<database>Unknown</database>
	</source>
	<size>
		<width>1000</width>
		<height>563</height>
		<depth>3</depth>
	</size>
	<segmented>0</segmented>
	<object>
		<name>tieFighter</name>
		<pose>Unspecified</pose>
		<truncated>0</truncated>
		<difficult>0</difficult>
		<bndbox>
			<xmin>571</xmin>
			<ymin>226</ymin>
			<xmax>589</xmax>
			<ymax>244</ymax>
		</bndbox>
	</object>
	<object>
		<name>mFalcon</name>
		<pose>Unspecified</pose>
		<truncated>0</truncated>
		<difficult>0</difficult>
		<bndbox>
			<xmin>288</xmin>
			<ymin>243</ymin>
			<xmax>885</xmax>
			<ymax>447</ymax>
		</bndbox>
	</object>
</annotation>
