<annotation>
	<folder>images</folder>
	<filename>videoplayback2888.jpg</filename>
	<path>/Users/aditi/w251/MIDS_HW8/images/videoplayback2888.jpg</path>
	<source>
		<database>Unknown</database>
	</source>
	<size>
		<width>1000</width>
		<height>563</height>
		<depth>3</depth>
	</size>
	<segmented>0</segmented>
	<object>
		<name>tieFighter</name>
		<pose>Unspecified</pose>
		<truncated>0</truncated>
		<difficult>0</difficult>
		<bndbox>
			<xmin>464</xmin>
			<ymin>280</ymin>
			<xmax>550</xmax>
			<ymax>372</ymax>
		</bndbox>
	</object>
	<object>
		<name>tieFighter</name>
		<pose>Unspecified</pose>
		<truncated>0</truncated>
		<difficult>0</difficult>
		<bndbox>
			<xmin>694</xmin>
			<ymin>319</ymin>
			<xmax>752</xmax>
			<ymax>376</ymax>
		</bndbox>
	</object>
</annotation>
