<annotation>
	<folder>images</folder>
	<filename>videoplayback0856.jpg</filename>
	<path>/Users/aditi/w251/MIDS_HW8/images/videoplayback0856.jpg</path>
	<source>
		<database>Unknown</database>
	</source>
	<size>
		<width>1000</width>
		<height>563</height>
		<depth>3</depth>
	</size>
	<segmented>0</segmented>
	<object>
		<name>tieFighter</name>
		<pose>Unspecified</pose>
		<truncated>0</truncated>
		<difficult>0</difficult>
		<bndbox>
			<xmin>316</xmin>
			<ymin>141</ymin>
			<xmax>336</xmax>
			<ymax>157</ymax>
		</bndbox>
	</object>
	<object>
		<name>tieFighter</name>
		<pose>Unspecified</pose>
		<truncated>0</truncated>
		<difficult>0</difficult>
		<bndbox>
			<xmin>545</xmin>
			<ymin>183</ymin>
			<xmax>560</xmax>
			<ymax>199</ymax>
		</bndbox>
	</object>
	<object>
		<name>mFalcon</name>
		<pose>Unspecified</pose>
		<truncated>0</truncated>
		<difficult>0</difficult>
		<bndbox>
			<xmin>266</xmin>
			<ymin>211</ymin>
			<xmax>686</xmax>
			<ymax>337</ymax>
		</bndbox>
	</object>
</annotation>
