<annotation>
	<folder>images</folder>
	<filename>videoplayback3810.jpg</filename>
	<path>/Users/aditi/w251/MIDS_HW8/images/videoplayback3810.jpg</path>
	<source>
		<database>Unknown</database>
	</source>
	<size>
		<width>1000</width>
		<height>563</height>
		<depth>3</depth>
	</size>
	<segmented>0</segmented>
	<object>
		<name>tieFighter</name>
		<pose>Unspecified</pose>
		<truncated>0</truncated>
		<difficult>0</difficult>
		<bndbox>
			<xmin>347</xmin>
			<ymin>269</ymin>
			<xmax>423</xmax>
			<ymax>342</ymax>
		</bndbox>
	</object>
	<object>
		<name>tieFighter</name>
		<pose>Unspecified</pose>
		<truncated>0</truncated>
		<difficult>0</difficult>
		<bndbox>
			<xmin>508</xmin>
			<ymin>307</ymin>
			<xmax>540</xmax>
			<ymax>346</ymax>
		</bndbox>
	</object>
	<object>
		<name>mFalcon</name>
		<pose>Unspecified</pose>
		<truncated>0</truncated>
		<difficult>0</difficult>
		<bndbox>
			<xmin>457</xmin>
			<ymin>346</ymin>
			<xmax>484</xmax>
			<ymax>362</ymax>
		</bndbox>
	</object>
</annotation>
