<annotation>
	<folder>images</folder>
	<filename>videoplayback3750.jpg</filename>
	<path>/Users/aditi/w251/MIDS_HW8/images/videoplayback3750.jpg</path>
	<source>
		<database>Unknown</database>
	</source>
	<size>
		<width>1000</width>
		<height>563</height>
		<depth>3</depth>
	</size>
	<segmented>0</segmented>
	<object>
		<name>mFalcon</name>
		<pose>Unspecified</pose>
		<truncated>0</truncated>
		<difficult>0</difficult>
		<bndbox>
			<xmin>479</xmin>
			<ymin>287</ymin>
			<xmax>581</xmax>
			<ymax>387</ymax>
		</bndbox>
	</object>
</annotation>
