<annotation>
	<folder>images</folder>
	<filename>videoplayback2894.jpg</filename>
	<path>/Users/aditi/w251/MIDS_HW8/images/videoplayback2894.jpg</path>
	<source>
		<database>Unknown</database>
	</source>
	<size>
		<width>1000</width>
		<height>563</height>
		<depth>3</depth>
	</size>
	<segmented>0</segmented>
	<object>
		<name>tieFighter</name>
		<pose>Unspecified</pose>
		<truncated>0</truncated>
		<difficult>0</difficult>
		<bndbox>
			<xmin>404</xmin>
			<ymin>247</ymin>
			<xmax>488</xmax>
			<ymax>333</ymax>
		</bndbox>
	</object>
	<object>
		<name>tieFighter</name>
		<pose>Unspecified</pose>
		<truncated>0</truncated>
		<difficult>0</difficult>
		<bndbox>
			<xmin>641</xmin>
			<ymin>235</ymin>
			<xmax>699</xmax>
			<ymax>295</ymax>
		</bndbox>
	</object>
</annotation>
