<annotation>
	<folder>images</folder>
	<filename>videoplayback0904.jpg</filename>
	<path>/Users/aditi/w251/MIDS_HW8/images/videoplayback0904.jpg</path>
	<source>
		<database>Unknown</database>
	</source>
	<size>
		<width>1000</width>
		<height>563</height>
		<depth>3</depth>
	</size>
	<segmented>0</segmented>
	<object>
		<name>tieFighter</name>
		<pose>Unspecified</pose>
		<truncated>0</truncated>
		<difficult>0</difficult>
		<bndbox>
			<xmin>706</xmin>
			<ymin>178</ymin>
			<xmax>719</xmax>
			<ymax>193</ymax>
		</bndbox>
	</object>
	<object>
		<name>tieFighter</name>
		<pose>Unspecified</pose>
		<truncated>0</truncated>
		<difficult>0</difficult>
		<bndbox>
			<xmin>767</xmin>
			<ymin>169</ymin>
			<xmax>782</xmax>
			<ymax>186</ymax>
		</bndbox>
	</object>
	<object>
		<name>mFalcon</name>
		<pose>Unspecified</pose>
		<truncated>0</truncated>
		<difficult>0</difficult>
		<bndbox>
			<xmin>250</xmin>
			<ymin>207</ymin>
			<xmax>724</xmax>
			<ymax>338</ymax>
		</bndbox>
	</object>
</annotation>
