<annotation>
	<folder>images</folder>
	<filename>videoplayback0892.jpg</filename>
	<path>/Users/aditi/w251/MIDS_HW8/images/videoplayback0892.jpg</path>
	<source>
		<database>Unknown</database>
	</source>
	<size>
		<width>1000</width>
		<height>563</height>
		<depth>3</depth>
	</size>
	<segmented>0</segmented>
	<object>
		<name>tieFighter</name>
		<pose>Unspecified</pose>
		<truncated>0</truncated>
		<difficult>0</difficult>
		<bndbox>
			<xmin>621</xmin>
			<ymin>177</ymin>
			<xmax>636</xmax>
			<ymax>194</ymax>
		</bndbox>
	</object>
	<object>
		<name>tieFighter</name>
		<pose>Unspecified</pose>
		<truncated>0</truncated>
		<difficult>0</difficult>
		<bndbox>
			<xmin>740</xmin>
			<ymin>177</ymin>
			<xmax>755</xmax>
			<ymax>197</ymax>
		</bndbox>
	</object>
	<object>
		<name>mFalcon</name>
		<pose>Unspecified</pose>
		<truncated>0</truncated>
		<difficult>0</difficult>
		<bndbox>
			<xmin>266</xmin>
			<ymin>212</ymin>
			<xmax>729</xmax>
			<ymax>343</ymax>
		</bndbox>
	</object>
</annotation>
