<annotation>
	<folder>images</folder>
	<filename>videoplayback2704.jpg</filename>
	<path>/Users/aditi/w251/MIDS_HW8/images/videoplayback2704.jpg</path>
	<source>
		<database>Unknown</database>
	</source>
	<size>
		<width>1000</width>
		<height>563</height>
		<depth>3</depth>
	</size>
	<segmented>0</segmented>
	<object>
		<name>mFalcon</name>
		<pose>Unspecified</pose>
		<truncated>1</truncated>
		<difficult>0</difficult>
		<bndbox>
			<xmin>357</xmin>
			<ymin>73</ymin>
			<xmax>1000</xmax>
			<ymax>490</ymax>
		</bndbox>
	</object>
	<object>
		<name>tieFighter</name>
		<pose>Unspecified</pose>
		<truncated>0</truncated>
		<difficult>0</difficult>
		<bndbox>
			<xmin>160</xmin>
			<ymin>283</ymin>
			<xmax>213</xmax>
			<ymax>328</ymax>
		</bndbox>
	</object>
	<object>
		<name>tieFighter</name>
		<pose>Unspecified</pose>
		<truncated>0</truncated>
		<difficult>0</difficult>
		<bndbox>
			<xmin>133</xmin>
			<ymin>323</ymin>
			<xmax>176</xmax>
			<ymax>357</ymax>
		</bndbox>
	</object>
</annotation>
