<annotation>
	<folder>images</folder>
	<filename>videoplayback3678.jpg</filename>
	<path>/Users/aditi/w251/MIDS_HW8/images/videoplayback3678.jpg</path>
	<source>
		<database>Unknown</database>
	</source>
	<size>
		<width>1000</width>
		<height>563</height>
		<depth>3</depth>
	</size>
	<segmented>0</segmented>
	<object>
		<name>mFalcon</name>
		<pose>Unspecified</pose>
		<truncated>0</truncated>
		<difficult>0</difficult>
		<bndbox>
			<xmin>328</xmin>
			<ymin>107</ymin>
			<xmax>729</xmax>
			<ymax>404</ymax>
		</bndbox>
	</object>
	<object>
		<name>tieFighter</name>
		<pose>Unspecified</pose>
		<truncated>0</truncated>
		<difficult>0</difficult>
		<bndbox>
			<xmin>917</xmin>
			<ymin>303</ymin>
			<xmax>968</xmax>
			<ymax>346</ymax>
		</bndbox>
	</object>
</annotation>
