<annotation>
	<folder>images</folder>
	<filename>videoplayback2918.jpg</filename>
	<path>/Users/aditi/w251/MIDS_HW8/images/videoplayback2918.jpg</path>
	<source>
		<database>Unknown</database>
	</source>
	<size>
		<width>1000</width>
		<height>563</height>
		<depth>3</depth>
	</size>
	<segmented>0</segmented>
	<object>
		<name>tieFighter</name>
		<pose>Unspecified</pose>
		<truncated>0</truncated>
		<difficult>0</difficult>
		<bndbox>
			<xmin>540</xmin>
			<ymin>316</ymin>
			<xmax>624</xmax>
			<ymax>406</ymax>
		</bndbox>
	</object>
	<object>
		<name>mFalcon</name>
		<pose>Unspecified</pose>
		<truncated>0</truncated>
		<difficult>0</difficult>
		<bndbox>
			<xmin>70</xmin>
			<ymin>73</ymin>
			<xmax>799</xmax>
			<ymax>290</ymax>
		</bndbox>
	</object>
</annotation>
