<annotation>
	<folder>images</folder>
	<filename>videoplayback3780.jpg</filename>
	<path>/Users/aditi/w251/MIDS_HW8/images/videoplayback3780.jpg</path>
	<source>
		<database>Unknown</database>
	</source>
	<size>
		<width>1000</width>
		<height>563</height>
		<depth>3</depth>
	</size>
	<segmented>0</segmented>
	<object>
		<name>tieFighter</name>
		<pose>Unspecified</pose>
		<truncated>0</truncated>
		<difficult>0</difficult>
		<bndbox>
			<xmin>388</xmin>
			<ymin>218</ymin>
			<xmax>513</xmax>
			<ymax>339</ymax>
		</bndbox>
	</object>
	<object>
		<name>mFalcon</name>
		<pose>Unspecified</pose>
		<truncated>0</truncated>
		<difficult>0</difficult>
		<bndbox>
			<xmin>574</xmin>
			<ymin>312</ymin>
			<xmax>629</xmax>
			<ymax>341</ymax>
		</bndbox>
	</object>
</annotation>
