<annotation>
	<folder>images</folder>
	<filename>videoplayback0862.jpg</filename>
	<path>/Users/aditi/w251/MIDS_HW8/images/videoplayback0862.jpg</path>
	<source>
		<database>Unknown</database>
	</source>
	<size>
		<width>1000</width>
		<height>563</height>
		<depth>3</depth>
	</size>
	<segmented>0</segmented>
	<object>
		<name>tieFighter</name>
		<pose>Unspecified</pose>
		<truncated>0</truncated>
		<difficult>0</difficult>
		<bndbox>
			<xmin>370</xmin>
			<ymin>149</ymin>
			<xmax>392</xmax>
			<ymax>168</ymax>
		</bndbox>
	</object>
	<object>
		<name>tieFighter</name>
		<pose>Unspecified</pose>
		<truncated>0</truncated>
		<difficult>0</difficult>
		<bndbox>
			<xmin>588</xmin>
			<ymin>187</ymin>
			<xmax>609</xmax>
			<ymax>207</ymax>
		</bndbox>
	</object>
	<object>
		<name>mFalcon</name>
		<pose>Unspecified</pose>
		<truncated>0</truncated>
		<difficult>0</difficult>
		<bndbox>
			<xmin>262</xmin>
			<ymin>215</ymin>
			<xmax>725</xmax>
			<ymax>342</ymax>
		</bndbox>
	</object>
</annotation>
