<annotation>
	<folder>images</folder>
	<filename>videoplayback0898.jpg</filename>
	<path>/Users/aditi/w251/MIDS_HW8/images/videoplayback0898.jpg</path>
	<source>
		<database>Unknown</database>
	</source>
	<size>
		<width>1000</width>
		<height>563</height>
		<depth>3</depth>
	</size>
	<segmented>0</segmented>
	<object>
		<name>tieFighter</name>
		<pose>Unspecified</pose>
		<truncated>0</truncated>
		<difficult>0</difficult>
		<bndbox>
			<xmin>665</xmin>
			<ymin>179</ymin>
			<xmax>682</xmax>
			<ymax>194</ymax>
		</bndbox>
	</object>
	<object>
		<name>tieFighter</name>
		<pose>Unspecified</pose>
		<truncated>0</truncated>
		<difficult>0</difficult>
		<bndbox>
			<xmin>757</xmin>
			<ymin>175</ymin>
			<xmax>775</xmax>
			<ymax>190</ymax>
		</bndbox>
	</object>
	<object>
		<name>mFalcon</name>
		<pose>Unspecified</pose>
		<truncated>0</truncated>
		<difficult>0</difficult>
		<bndbox>
			<xmin>257</xmin>
			<ymin>211</ymin>
			<xmax>741</xmax>
			<ymax>351</ymax>
		</bndbox>
	</object>
</annotation>
