<annotation>
	<folder>images</folder>
	<filename>videoplayback3385.jpg</filename>
	<path>/Users/aditi/w251/MIDS_HW8/images/videoplayback3385.jpg</path>
	<source>
		<database>Unknown</database>
	</source>
	<size>
		<width>1000</width>
		<height>563</height>
		<depth>3</depth>
	</size>
	<segmented>0</segmented>
	<object>
		<name>tieFighter</name>
		<pose>Unspecified</pose>
		<truncated>0</truncated>
		<difficult>0</difficult>
		<bndbox>
			<xmin>691</xmin>
			<ymin>183</ymin>
			<xmax>782</xmax>
			<ymax>276</ymax>
		</bndbox>
	</object>
	<object>
		<name>tieFighter</name>
		<pose>Unspecified</pose>
		<truncated>0</truncated>
		<difficult>0</difficult>
		<bndbox>
			<xmin>619</xmin>
			<ymin>129</ymin>
			<xmax>692</xmax>
			<ymax>196</ymax>
		</bndbox>
	</object>
</annotation>
