<annotation>
	<folder>images</folder>
	<filename>videoplayback0880.jpg</filename>
	<path>/Users/aditi/w251/MIDS_HW8/images/videoplayback0880.jpg</path>
	<source>
		<database>Unknown</database>
	</source>
	<size>
		<width>1000</width>
		<height>563</height>
		<depth>3</depth>
	</size>
	<segmented>0</segmented>
	<object>
		<name>tieFighter</name>
		<pose>Unspecified</pose>
		<truncated>0</truncated>
		<difficult>0</difficult>
		<bndbox>
			<xmin>526</xmin>
			<ymin>175</ymin>
			<xmax>540</xmax>
			<ymax>191</ymax>
		</bndbox>
	</object>
	<object>
		<name>tieFighter</name>
		<pose>Unspecified</pose>
		<truncated>0</truncated>
		<difficult>0</difficult>
		<bndbox>
			<xmin>690</xmin>
			<ymin>190</ymin>
			<xmax>710</xmax>
			<ymax>204</ymax>
		</bndbox>
	</object>
	<object>
		<name>mFalcon</name>
		<pose>Unspecified</pose>
		<truncated>0</truncated>
		<difficult>0</difficult>
		<bndbox>
			<xmin>266</xmin>
			<ymin>213</ymin>
			<xmax>729</xmax>
			<ymax>343</ymax>
		</bndbox>
	</object>
</annotation>
