<annotation>
	<folder>images</folder>
	<filename>videoplayback1772.jpg</filename>
	<path>/Users/aditi/w251/MIDS_HW8/images/videoplayback1772.jpg</path>
	<source>
		<database>Unknown</database>
	</source>
	<size>
		<width>1000</width>
		<height>563</height>
		<depth>3</depth>
	</size>
	<segmented>0</segmented>
	<object>
		<name>mFalcon</name>
		<pose>Unspecified</pose>
		<truncated>0</truncated>
		<difficult>0</difficult>
		<bndbox>
			<xmin>19</xmin>
			<ymin>135</ymin>
			<xmax>923</xmax>
			<ymax>428</ymax>
		</bndbox>
	</object>
</annotation>
