<annotation>
	<folder>images</folder>
	<filename>videoplayback2819.jpg</filename>
	<path>/Users/aditi/w251/MIDS_HW8/images/videoplayback2819.jpg</path>
	<source>
		<database>Unknown</database>
	</source>
	<size>
		<width>1000</width>
		<height>563</height>
		<depth>3</depth>
	</size>
	<segmented>0</segmented>
	<object>
		<name>tieFighter</name>
		<pose>Unspecified</pose>
		<truncated>0</truncated>
		<difficult>0</difficult>
		<bndbox>
			<xmin>472</xmin>
			<ymin>241</ymin>
			<xmax>556</xmax>
			<ymax>314</ymax>
		</bndbox>
	</object>
	<object>
		<name>tieFighter</name>
		<pose>Unspecified</pose>
		<truncated>0</truncated>
		<difficult>0</difficult>
		<bndbox>
			<xmin>692</xmin>
			<ymin>270</ymin>
			<xmax>777</xmax>
			<ymax>347</ymax>
		</bndbox>
	</object>
</annotation>
