<annotation>
	<folder>images</folder>
	<filename>videoplayback0523.jpg</filename>
	<path>/Users/aditi/w251/MIDS_HW8/images/videoplayback0523.jpg</path>
	<source>
		<database>Unknown</database>
	</source>
	<size>
		<width>1000</width>
		<height>563</height>
		<depth>3</depth>
	</size>
	<segmented>0</segmented>
	<object>
		<name>tieFighter</name>
		<pose>Unspecified</pose>
		<truncated>0</truncated>
		<difficult>0</difficult>
		<bndbox>
			<xmin>61</xmin>
			<ymin>159</ymin>
			<xmax>119</xmax>
			<ymax>224</ymax>
		</bndbox>
	</object>
	<object>
		<name>tieFighter</name>
		<pose>Unspecified</pose>
		<truncated>0</truncated>
		<difficult>0</difficult>
		<bndbox>
			<xmin>223</xmin>
			<ymin>265</ymin>
			<xmax>244</xmax>
			<ymax>284</ymax>
		</bndbox>
	</object>
</annotation>
