<annotation>
	<folder>images</folder>
	<filename>videoplayback2554.jpg</filename>
	<path>/Users/aditi/w251/MIDS_HW8/images/videoplayback2554.jpg</path>
	<source>
		<database>Unknown</database>
	</source>
	<size>
		<width>1000</width>
		<height>563</height>
		<depth>3</depth>
	</size>
	<segmented>0</segmented>
	<object>
		<name>mFalcon</name>
		<pose>Unspecified</pose>
		<truncated>0</truncated>
		<difficult>0</difficult>
		<bndbox>
			<xmin>159</xmin>
			<ymin>122</ymin>
			<xmax>566</xmax>
			<ymax>349</ymax>
		</bndbox>
	</object>
</annotation>
