<annotation>
	<folder>images</folder>
	<filename>videoplayback0868.jpg</filename>
	<path>/Users/aditi/w251/MIDS_HW8/images/videoplayback0868.jpg</path>
	<source>
		<database>Unknown</database>
	</source>
	<size>
		<width>1000</width>
		<height>563</height>
		<depth>3</depth>
	</size>
	<segmented>0</segmented>
	<object>
		<name>tieFighter</name>
		<pose>Unspecified</pose>
		<truncated>0</truncated>
		<difficult>0</difficult>
		<bndbox>
			<xmin>423</xmin>
			<ymin>160</ymin>
			<xmax>443</xmax>
			<ymax>176</ymax>
		</bndbox>
	</object>
	<object>
		<name>tieFighter</name>
		<pose>Unspecified</pose>
		<truncated>0</truncated>
		<difficult>0</difficult>
		<bndbox>
			<xmin>626</xmin>
			<ymin>190</ymin>
			<xmax>647</xmax>
			<ymax>209</ymax>
		</bndbox>
	</object>
	<object>
		<name>mFalcon</name>
		<pose>Unspecified</pose>
		<truncated>0</truncated>
		<difficult>0</difficult>
		<bndbox>
			<xmin>264</xmin>
			<ymin>212</ymin>
			<xmax>721</xmax>
			<ymax>338</ymax>
		</bndbox>
	</object>
</annotation>
