<annotation>
	<folder>images</folder>
	<filename>videoplayback0529.jpg</filename>
	<path>/Users/aditi/w251/MIDS_HW8/images/videoplayback0529.jpg</path>
	<source>
		<database>Unknown</database>
	</source>
	<size>
		<width>1000</width>
		<height>563</height>
		<depth>3</depth>
	</size>
	<segmented>0</segmented>
	<object>
		<name>tieFighter</name>
		<pose>Unspecified</pose>
		<truncated>0</truncated>
		<difficult>0</difficult>
		<bndbox>
			<xmin>94</xmin>
			<ymin>142</ymin>
			<xmax>174</xmax>
			<ymax>232</ymax>
		</bndbox>
	</object>
	<object>
		<name>tieFighter</name>
		<pose>Unspecified</pose>
		<truncated>0</truncated>
		<difficult>0</difficult>
		<bndbox>
			<xmin>223</xmin>
			<ymin>256</ymin>
			<xmax>249</xmax>
			<ymax>280</ymax>
		</bndbox>
	</object>
</annotation>
