<annotation>
	<folder>images</folder>
	<filename>videoplayback3774.jpg</filename>
	<path>/Users/aditi/w251/MIDS_HW8/images/videoplayback3774.jpg</path>
	<source>
		<database>Unknown</database>
	</source>
	<size>
		<width>1000</width>
		<height>563</height>
		<depth>3</depth>
	</size>
	<segmented>0</segmented>
	<object>
		<name>tieFighter</name>
		<pose>Unspecified</pose>
		<truncated>0</truncated>
		<difficult>0</difficult>
		<bndbox>
			<xmin>394</xmin>
			<ymin>121</ymin>
			<xmax>647</xmax>
			<ymax>369</ymax>
		</bndbox>
	</object>
	<object>
		<name>mFalcon</name>
		<pose>Unspecified</pose>
		<truncated>0</truncated>
		<difficult>0</difficult>
		<bndbox>
			<xmin>578</xmin>
			<ymin>294</ymin>
			<xmax>641</xmax>
			<ymax>322</ymax>
		</bndbox>
	</object>
</annotation>
