<annotation>
	<folder>images</folder>
	<filename>videoplayback0832.jpg</filename>
	<path>/Users/aditi/w251/MIDS_HW8/images/videoplayback0832.jpg</path>
	<source>
		<database>Unknown</database>
	</source>
	<size>
		<width>1000</width>
		<height>563</height>
		<depth>3</depth>
	</size>
	<segmented>0</segmented>
	<object>
		<name>tieFighter</name>
		<pose>Unspecified</pose>
		<truncated>0</truncated>
		<difficult>0</difficult>
		<bndbox>
			<xmin>99</xmin>
			<ymin>107</ymin>
			<xmax>119</xmax>
			<ymax>129</ymax>
		</bndbox>
	</object>
	<object>
		<name>tieFighter</name>
		<pose>Unspecified</pose>
		<truncated>0</truncated>
		<difficult>0</difficult>
		<bndbox>
			<xmin>368</xmin>
			<ymin>171</ymin>
			<xmax>388</xmax>
			<ymax>186</ymax>
		</bndbox>
	</object>
	<object>
		<name>mFalcon</name>
		<pose>Unspecified</pose>
		<truncated>0</truncated>
		<difficult>0</difficult>
		<bndbox>
			<xmin>267</xmin>
			<ymin>213</ymin>
			<xmax>744</xmax>
			<ymax>336</ymax>
		</bndbox>
	</object>
</annotation>
