<annotation>
	<folder>images</folder>
	<filename>videoplayback0844.jpg</filename>
	<path>/Users/aditi/w251/MIDS_HW8/images/videoplayback0844.jpg</path>
	<source>
		<database>Unknown</database>
	</source>
	<size>
		<width>1000</width>
		<height>563</height>
		<depth>3</depth>
	</size>
	<segmented>0</segmented>
	<object>
		<name>tieFighter</name>
		<pose>Unspecified</pose>
		<truncated>0</truncated>
		<difficult>0</difficult>
		<bndbox>
			<xmin>210</xmin>
			<ymin>121</ymin>
			<xmax>229</xmax>
			<ymax>137</ymax>
		</bndbox>
	</object>
	<object>
		<name>tieFighter</name>
		<pose>Unspecified</pose>
		<truncated>0</truncated>
		<difficult>0</difficult>
		<bndbox>
			<xmin>458</xmin>
			<ymin>174</ymin>
			<xmax>476</xmax>
			<ymax>190</ymax>
		</bndbox>
	</object>
	<object>
		<name>mFalcon</name>
		<pose>Unspecified</pose>
		<truncated>0</truncated>
		<difficult>0</difficult>
		<bndbox>
			<xmin>271</xmin>
			<ymin>209</ymin>
			<xmax>735</xmax>
			<ymax>340</ymax>
		</bndbox>
	</object>
</annotation>
