<annotation>
	<folder>images</folder>
	<filename>videoplayback0820.jpg</filename>
	<path>/Users/aditi/w251/MIDS_HW8/images/videoplayback0820.jpg</path>
	<source>
		<database>Unknown</database>
	</source>
	<size>
		<width>1000</width>
		<height>563</height>
		<depth>3</depth>
	</size>
	<segmented>0</segmented>
	<object>
		<name>tieFighter</name>
		<pose>Unspecified</pose>
		<truncated>0</truncated>
		<difficult>0</difficult>
		<bndbox>
			<xmin>271</xmin>
			<ymin>171</ymin>
			<xmax>292</xmax>
			<ymax>189</ymax>
		</bndbox>
	</object>
	<object>
		<name>mFalcon</name>
		<pose>Unspecified</pose>
		<truncated>0</truncated>
		<difficult>0</difficult>
		<bndbox>
			<xmin>267</xmin>
			<ymin>216</ymin>
			<xmax>738</xmax>
			<ymax>354</ymax>
		</bndbox>
	</object>
</annotation>
