<annotation>
	<folder>images</folder>
	<filename>videoplayback1673.jpg</filename>
	<path>/Users/aditi/w251/MIDS_HW8/images/videoplayback1673.jpg</path>
	<source>
		<database>Unknown</database>
	</source>
	<size>
		<width>1000</width>
		<height>563</height>
		<depth>3</depth>
	</size>
	<segmented>0</segmented>
	<object>
		<name>tieFighter</name>
		<pose>Unspecified</pose>
		<truncated>0</truncated>
		<difficult>0</difficult>
		<bndbox>
			<xmin>544</xmin>
			<ymin>224</ymin>
			<xmax>561</xmax>
			<ymax>240</ymax>
		</bndbox>
	</object>
	<object>
		<name>mFalcon</name>
		<pose>Unspecified</pose>
		<truncated>0</truncated>
		<difficult>0</difficult>
		<bndbox>
			<xmin>284</xmin>
			<ymin>238</ymin>
			<xmax>892</xmax>
			<ymax>451</ymax>
		</bndbox>
	</object>
</annotation>
