<annotation>
	<folder>images</folder>
	<filename>videoplayback0808.jpg</filename>
	<path>/Users/aditi/w251/MIDS_HW8/images/videoplayback0808.jpg</path>
	<source>
		<database>Unknown</database>
	</source>
	<size>
		<width>1000</width>
		<height>563</height>
		<depth>3</depth>
	</size>
	<segmented>0</segmented>
	<object>
		<name>tieFighter</name>
		<pose>Unspecified</pose>
		<truncated>0</truncated>
		<difficult>0</difficult>
		<bndbox>
			<xmin>175</xmin>
			<ymin>176</ymin>
			<xmax>198</xmax>
			<ymax>194</ymax>
		</bndbox>
	</object>
	<object>
		<name>mFalcon</name>
		<pose>Unspecified</pose>
		<truncated>0</truncated>
		<difficult>0</difficult>
		<bndbox>
			<xmin>267</xmin>
			<ymin>221</ymin>
			<xmax>730</xmax>
			<ymax>356</ymax>
		</bndbox>
	</object>
</annotation>
