<annotation>
	<folder>images</folder>
	<filename>videoplayback3786.jpg</filename>
	<path>/Users/aditi/w251/MIDS_HW8/images/videoplayback3786.jpg</path>
	<source>
		<database>Unknown</database>
	</source>
	<size>
		<width>1000</width>
		<height>563</height>
		<depth>3</depth>
	</size>
	<segmented>0</segmented>
	<object>
		<name>tieFighter</name>
		<pose>Unspecified</pose>
		<truncated>0</truncated>
		<difficult>0</difficult>
		<bndbox>
			<xmin>409</xmin>
			<ymin>261</ymin>
			<xmax>492</xmax>
			<ymax>339</ymax>
		</bndbox>
	</object>
	<object>
		<name>mFalcon</name>
		<pose>Unspecified</pose>
		<truncated>0</truncated>
		<difficult>0</difficult>
		<bndbox>
			<xmin>554</xmin>
			<ymin>320</ymin>
			<xmax>606</xmax>
			<ymax>351</ymax>
		</bndbox>
	</object>
</annotation>
