<annotation>
	<folder>images</folder>
	<filename>videoplayback0790.jpg</filename>
	<path>/Users/aditi/w251/MIDS_HW8/images/videoplayback0790.jpg</path>
	<source>
		<database>Unknown</database>
	</source>
	<size>
		<width>1000</width>
		<height>563</height>
		<depth>3</depth>
	</size>
	<segmented>0</segmented>
	<object>
		<name>mFalcon</name>
		<pose>Unspecified</pose>
		<truncated>0</truncated>
		<difficult>0</difficult>
		<bndbox>
			<xmin>257</xmin>
			<ymin>223</ymin>
			<xmax>733</xmax>
			<ymax>357</ymax>
		</bndbox>
	</object>
	<object>
		<name>tieFighter</name>
		<pose>Unspecified</pose>
		<truncated>0</truncated>
		<difficult>0</difficult>
		<bndbox>
			<xmin>23</xmin>
			<ymin>188</ymin>
			<xmax>43</xmax>
			<ymax>206</ymax>
		</bndbox>
	</object>
</annotation>
