<annotation>
	<folder>images</folder>
	<filename>videoplayback0090.jpg</filename>
	<path>/Users/aditi/w251/MIDS_HW8/images/videoplayback0090.jpg</path>
	<source>
		<database>Unknown</database>
	</source>
	<size>
		<width>1000</width>
		<height>563</height>
		<depth>3</depth>
	</size>
	<segmented>0</segmented>
	<object>
		<name>tieFighter</name>
		<pose>Unspecified</pose>
		<truncated>0</truncated>
		<difficult>0</difficult>
		<bndbox>
			<xmin>62</xmin>
			<ymin>251</ymin>
			<xmax>83</xmax>
			<ymax>269</ymax>
		</bndbox>
	</object>
	<object>
		<name>tieFighter</name>
		<pose>Unspecified</pose>
		<truncated>0</truncated>
		<difficult>0</difficult>
		<bndbox>
			<xmin>89</xmin>
			<ymin>272</ymin>
			<xmax>114</xmax>
			<ymax>298</ymax>
		</bndbox>
	</object>
</annotation>
