<annotation>
	<folder>images</folder>
	<filename>videoplayback1655.jpg</filename>
	<path>/Users/aditi/w251/MIDS_HW8/images/videoplayback1655.jpg</path>
	<source>
		<database>Unknown</database>
	</source>
	<size>
		<width>1000</width>
		<height>563</height>
		<depth>3</depth>
	</size>
	<segmented>0</segmented>
	<object>
		<name>tieFighter</name>
		<pose>Unspecified</pose>
		<truncated>0</truncated>
		<difficult>0</difficult>
		<bndbox>
			<xmin>554</xmin>
			<ymin>237</ymin>
			<xmax>573</xmax>
			<ymax>257</ymax>
		</bndbox>
	</object>
	<object>
		<name>mFalcon</name>
		<pose>Unspecified</pose>
		<truncated>0</truncated>
		<difficult>0</difficult>
		<bndbox>
			<xmin>298</xmin>
			<ymin>276</ymin>
			<xmax>900</xmax>
			<ymax>459</ymax>
		</bndbox>
	</object>
</annotation>
