<annotation>
	<folder>images</folder>
	<filename>videoplayback0084.jpg</filename>
	<path>/Users/aditi/w251/MIDS_HW8/images/videoplayback0084.jpg</path>
	<source>
		<database>Unknown</database>
	</source>
	<size>
		<width>1000</width>
		<height>563</height>
		<depth>3</depth>
	</size>
	<segmented>0</segmented>
	<object>
		<name>tieFighter</name>
		<pose>Unspecified</pose>
		<truncated>0</truncated>
		<difficult>0</difficult>
		<bndbox>
			<xmin>47</xmin>
			<ymin>253</ymin>
			<xmax>68</xmax>
			<ymax>274</ymax>
		</bndbox>
	</object>
	<object>
		<name>tieFighter</name>
		<pose>Unspecified</pose>
		<truncated>0</truncated>
		<difficult>0</difficult>
		<bndbox>
			<xmin>73</xmin>
			<ymin>276</ymin>
			<xmax>90</xmax>
			<ymax>293</ymax>
		</bndbox>
	</object>
</annotation>
