<annotation>
	<folder>images</folder>
	<filename>videoplayback1778.jpg</filename>
	<path>/Users/aditi/w251/MIDS_HW8/images/videoplayback1778.jpg</path>
	<source>
		<database>Unknown</database>
	</source>
	<size>
		<width>1000</width>
		<height>563</height>
		<depth>3</depth>
	</size>
	<segmented>0</segmented>
	<object>
		<name>mFalcon</name>
		<pose>Unspecified</pose>
		<truncated>0</truncated>
		<difficult>0</difficult>
		<bndbox>
			<xmin>43</xmin>
			<ymin>144</ymin>
			<xmax>940</xmax>
			<ymax>409</ymax>
		</bndbox>
	</object>
</annotation>
