<annotation>
	<folder>images</folder>
	<filename>videoplayback0102.jpg</filename>
	<path>/Users/aditi/w251/MIDS_HW8/images/videoplayback0102.jpg</path>
	<source>
		<database>Unknown</database>
	</source>
	<size>
		<width>1000</width>
		<height>563</height>
		<depth>3</depth>
	</size>
	<segmented>0</segmented>
	<object>
		<name>tieFighter</name>
		<pose>Unspecified</pose>
		<truncated>0</truncated>
		<difficult>0</difficult>
		<bndbox>
			<xmin>101</xmin>
			<ymin>256</ymin>
			<xmax>123</xmax>
			<ymax>271</ymax>
		</bndbox>
	</object>
	<object>
		<name>tieFighter</name>
		<pose>Unspecified</pose>
		<truncated>0</truncated>
		<difficult>0</difficult>
		<bndbox>
			<xmin>126</xmin>
			<ymin>276</ymin>
			<xmax>149</xmax>
			<ymax>297</ymax>
		</bndbox>
	</object>
</annotation>
