<annotation>
	<folder>images</folder>
	<filename>videoplayback1631.jpg</filename>
	<path>/Users/aditi/w251/MIDS_HW8/images/videoplayback1631.jpg</path>
	<source>
		<database>Unknown</database>
	</source>
	<size>
		<width>1000</width>
		<height>563</height>
		<depth>3</depth>
	</size>
	<segmented>0</segmented>
	<object>
		<name>tieFighter</name>
		<pose>Unspecified</pose>
		<truncated>0</truncated>
		<difficult>0</difficult>
		<bndbox>
			<xmin>675</xmin>
			<ymin>259</ymin>
			<xmax>707</xmax>
			<ymax>284</ymax>
		</bndbox>
	</object>
	<object>
		<name>tieFighter</name>
		<pose>Unspecified</pose>
		<truncated>0</truncated>
		<difficult>0</difficult>
		<bndbox>
			<xmin>806</xmin>
			<ymin>251</ymin>
			<xmax>854</xmax>
			<ymax>300</ymax>
		</bndbox>
	</object>
	<object>
		<name>mFalcon</name>
		<pose>Unspecified</pose>
		<truncated>0</truncated>
		<difficult>0</difficult>
		<bndbox>
			<xmin>257</xmin>
			<ymin>295</ymin>
			<xmax>895</xmax>
			<ymax>469</ymax>
		</bndbox>
	</object>
</annotation>
