<annotation>
	<folder>images</folder>
	<filename>videoplayback3684.jpg</filename>
	<path>/Users/aditi/w251/MIDS_HW8/images/videoplayback3684.jpg</path>
	<source>
		<database>Unknown</database>
	</source>
	<size>
		<width>1000</width>
		<height>563</height>
		<depth>3</depth>
	</size>
	<segmented>0</segmented>
	<object>
		<name>mFalcon</name>
		<pose>Unspecified</pose>
		<truncated>0</truncated>
		<difficult>0</difficult>
		<bndbox>
			<xmin>291</xmin>
			<ymin>75</ymin>
			<xmax>735</xmax>
			<ymax>401</ymax>
		</bndbox>
	</object>
	<object>
		<name>tieFighter</name>
		<pose>Unspecified</pose>
		<truncated>1</truncated>
		<difficult>0</difficult>
		<bndbox>
			<xmin>962</xmin>
			<ymin>297</ymin>
			<xmax>1000</xmax>
			<ymax>342</ymax>
		</bndbox>
	</object>
</annotation>
