<annotation>
	<folder>images</folder>
	<filename>videoplayback3792.jpg</filename>
	<path>/Users/aditi/w251/MIDS_HW8/images/videoplayback3792.jpg</path>
	<source>
		<database>Unknown</database>
	</source>
	<size>
		<width>1000</width>
		<height>563</height>
		<depth>3</depth>
	</size>
	<segmented>0</segmented>
	<object>
		<name>tieFighter</name>
		<pose>Unspecified</pose>
		<truncated>0</truncated>
		<difficult>0</difficult>
		<bndbox>
			<xmin>439</xmin>
			<ymin>280</ymin>
			<xmax>500</xmax>
			<ymax>337</ymax>
		</bndbox>
	</object>
	<object>
		<name>mFalcon</name>
		<pose>Unspecified</pose>
		<truncated>0</truncated>
		<difficult>0</difficult>
		<bndbox>
			<xmin>533</xmin>
			<ymin>325</ymin>
			<xmax>576</xmax>
			<ymax>356</ymax>
		</bndbox>
	</object>
</annotation>
