<annotation>
	<folder>images</folder>
	<filename>videoplayback0796.jpg</filename>
	<path>/Users/aditi/w251/MIDS_HW8/images/videoplayback0796.jpg</path>
	<source>
		<database>Unknown</database>
	</source>
	<size>
		<width>1000</width>
		<height>563</height>
		<depth>3</depth>
	</size>
	<segmented>0</segmented>
	<object>
		<name>tieFighter</name>
		<pose>Unspecified</pose>
		<truncated>0</truncated>
		<difficult>0</difficult>
		<bndbox>
			<xmin>75</xmin>
			<ymin>182</ymin>
			<xmax>99</xmax>
			<ymax>203</ymax>
		</bndbox>
	</object>
	<object>
		<name>mFalcon</name>
		<pose>Unspecified</pose>
		<truncated>0</truncated>
		<difficult>0</difficult>
		<bndbox>
			<xmin>257</xmin>
			<ymin>226</ymin>
			<xmax>733</xmax>
			<ymax>352</ymax>
		</bndbox>
	</object>
</annotation>
