<annotation>
	<folder>images</folder>
	<filename>videoplayback0910.jpg</filename>
	<path>/Users/aditi/w251/MIDS_HW8/images/videoplayback0910.jpg</path>
	<source>
		<database>Unknown</database>
	</source>
	<size>
		<width>1000</width>
		<height>563</height>
		<depth>3</depth>
	</size>
	<segmented>0</segmented>
	<object>
		<name>tieFighter</name>
		<pose>Unspecified</pose>
		<truncated>0</truncated>
		<difficult>0</difficult>
		<bndbox>
			<xmin>772</xmin>
			<ymin>167</ymin>
			<xmax>788</xmax>
			<ymax>183</ymax>
		</bndbox>
	</object>
	<object>
		<name>mFalcon</name>
		<pose>Unspecified</pose>
		<truncated>0</truncated>
		<difficult>0</difficult>
		<bndbox>
			<xmin>261</xmin>
			<ymin>217</ymin>
			<xmax>723</xmax>
			<ymax>345</ymax>
		</bndbox>
	</object>
</annotation>
