<annotation>
	<folder>images</folder>
	<filename>videoplayback1796.jpg</filename>
	<path>/Users/aditi/w251/MIDS_HW8/images/videoplayback1796.jpg</path>
	<source>
		<database>Unknown</database>
	</source>
	<size>
		<width>1000</width>
		<height>563</height>
		<depth>3</depth>
	</size>
	<segmented>0</segmented>
	<object>
		<name>mFalcon</name>
		<pose>Unspecified</pose>
		<truncated>0</truncated>
		<difficult>0</difficult>
		<bndbox>
			<xmin>79</xmin>
			<ymin>217</ymin>
			<xmax>946</xmax>
			<ymax>480</ymax>
		</bndbox>
	</object>
	<object>
		<name>tieFighter</name>
		<pose>Unspecified</pose>
		<truncated>0</truncated>
		<difficult>0</difficult>
		<bndbox>
			<xmin>351</xmin>
			<ymin>224</ymin>
			<xmax>376</xmax>
			<ymax>252</ymax>
		</bndbox>
	</object>
</annotation>
