<annotation>
	<folder>images</folder>
	<filename>videoplayback2813.jpg</filename>
	<path>/Users/aditi/w251/MIDS_HW8/images/videoplayback2813.jpg</path>
	<source>
		<database>Unknown</database>
	</source>
	<size>
		<width>1000</width>
		<height>563</height>
		<depth>3</depth>
	</size>
	<segmented>0</segmented>
	<object>
		<name>tieFighter</name>
		<pose>Unspecified</pose>
		<truncated>0</truncated>
		<difficult>0</difficult>
		<bndbox>
			<xmin>685</xmin>
			<ymin>247</ymin>
			<xmax>757</xmax>
			<ymax>317</ymax>
		</bndbox>
	</object>
	<object>
		<name>tieFighter</name>
		<pose>Unspecified</pose>
		<truncated>0</truncated>
		<difficult>0</difficult>
		<bndbox>
			<xmin>462</xmin>
			<ymin>262</ymin>
			<xmax>533</xmax>
			<ymax>323</ymax>
		</bndbox>
	</object>
</annotation>
