<annotation>
	<folder>images</folder>
	<filename>videoplayback0547.jpg</filename>
	<path>/Users/aditi/w251/MIDS_HW8/images/videoplayback0547.jpg</path>
	<source>
		<database>Unknown</database>
	</source>
	<size>
		<width>1000</width>
		<height>563</height>
		<depth>3</depth>
	</size>
	<segmented>0</segmented>
	<object>
		<name>tieFighter</name>
		<pose>Unspecified</pose>
		<truncated>0</truncated>
		<difficult>0</difficult>
		<bndbox>
			<xmin>146</xmin>
			<ymin>218</ymin>
			<xmax>177</xmax>
			<ymax>245</ymax>
		</bndbox>
	</object>
</annotation>
