<annotation>
	<folder>images</folder>
	<filename>videoplayback0535.jpg</filename>
	<path>/Users/aditi/w251/MIDS_HW8/images/videoplayback0535.jpg</path>
	<source>
		<database>Unknown</database>
	</source>
	<size>
		<width>1000</width>
		<height>563</height>
		<depth>3</depth>
	</size>
	<segmented>0</segmented>
	<object>
		<name>tieFighter</name>
		<pose>Unspecified</pose>
		<truncated>0</truncated>
		<difficult>0</difficult>
		<bndbox>
			<xmin>113</xmin>
			<ymin>77</ymin>
			<xmax>224</xmax>
			<ymax>215</ymax>
		</bndbox>
	</object>
	<object>
		<name>tieFighter</name>
		<pose>Unspecified</pose>
		<truncated>0</truncated>
		<difficult>0</difficult>
		<bndbox>
			<xmin>207</xmin>
			<ymin>245</ymin>
			<xmax>233</xmax>
			<ymax>269</ymax>
		</bndbox>
	</object>
</annotation>
