<annotation>
	<folder>images</folder>
	<filename>videoplayback0874.jpg</filename>
	<path>/Users/aditi/w251/MIDS_HW8/images/videoplayback0874.jpg</path>
	<source>
		<database>Unknown</database>
	</source>
	<size>
		<width>1000</width>
		<height>563</height>
		<depth>3</depth>
	</size>
	<segmented>0</segmented>
	<object>
		<name>tieFighter</name>
		<pose>Unspecified</pose>
		<truncated>0</truncated>
		<difficult>0</difficult>
		<bndbox>
			<xmin>475</xmin>
			<ymin>169</ymin>
			<xmax>494</xmax>
			<ymax>186</ymax>
		</bndbox>
	</object>
	<object>
		<name>tieFighter</name>
		<pose>Unspecified</pose>
		<truncated>0</truncated>
		<difficult>0</difficult>
		<bndbox>
			<xmin>658</xmin>
			<ymin>190</ymin>
			<xmax>677</xmax>
			<ymax>210</ymax>
		</bndbox>
	</object>
	<object>
		<name>mFalcon</name>
		<pose>Unspecified</pose>
		<truncated>0</truncated>
		<difficult>0</difficult>
		<bndbox>
			<xmin>264</xmin>
			<ymin>214</ymin>
			<xmax>740</xmax>
			<ymax>342</ymax>
		</bndbox>
	</object>
</annotation>
