<annotation>
	<folder>images</folder>
	<filename>videoplayback1661.jpg</filename>
	<path>/Users/aditi/w251/MIDS_HW8/images/videoplayback1661.jpg</path>
	<source>
		<database>Unknown</database>
	</source>
	<size>
		<width>1000</width>
		<height>563</height>
		<depth>3</depth>
	</size>
	<segmented>0</segmented>
	<object>
		<name>tieFighter</name>
		<pose>Unspecified</pose>
		<truncated>0</truncated>
		<difficult>0</difficult>
		<bndbox>
			<xmin>602</xmin>
			<ymin>237</ymin>
			<xmax>624</xmax>
			<ymax>257</ymax>
		</bndbox>
	</object>
	<object>
		<name>mFalcon</name>
		<pose>Unspecified</pose>
		<truncated>0</truncated>
		<difficult>0</difficult>
		<bndbox>
			<xmin>293</xmin>
			<ymin>259</ymin>
			<xmax>897</xmax>
			<ymax>459</ymax>
		</bndbox>
	</object>
</annotation>
