<annotation>
	<folder>images</folder>
	<filename>videoplayback2710.jpg</filename>
	<path>/Users/aditi/w251/MIDS_HW8/images/videoplayback2710.jpg</path>
	<source>
		<database>Unknown</database>
	</source>
	<size>
		<width>1000</width>
		<height>563</height>
		<depth>3</depth>
	</size>
	<segmented>0</segmented>
	<object>
		<name>tieFighter</name>
		<pose>Unspecified</pose>
		<truncated>0</truncated>
		<difficult>0</difficult>
		<bndbox>
			<xmin>171</xmin>
			<ymin>163</ymin>
			<xmax>288</xmax>
			<ymax>285</ymax>
		</bndbox>
	</object>
	<object>
		<name>tieFighter</name>
		<pose>Unspecified</pose>
		<truncated>0</truncated>
		<difficult>0</difficult>
		<bndbox>
			<xmin>133</xmin>
			<ymin>220</ymin>
			<xmax>202</xmax>
			<ymax>290</ymax>
		</bndbox>
	</object>
	<object>
		<name>mFalcon</name>
		<pose>Unspecified</pose>
		<truncated>0</truncated>
		<difficult>0</difficult>
		<bndbox>
			<xmin>326</xmin>
			<ymin>73</ymin>
			<xmax>981</xmax>
			<ymax>491</ymax>
		</bndbox>
	</object>
</annotation>
