<annotation>
	<folder>images</folder>
	<filename>videoplayback3403.jpg</filename>
	<path>/Users/aditi/w251/MIDS_HW8/images/videoplayback3403.jpg</path>
	<source>
		<database>Unknown</database>
	</source>
	<size>
		<width>1000</width>
		<height>563</height>
		<depth>3</depth>
	</size>
	<segmented>0</segmented>
	<object>
		<name>tieFighter</name>
		<pose>Unspecified</pose>
		<truncated>0</truncated>
		<difficult>0</difficult>
		<bndbox>
			<xmin>596</xmin>
			<ymin>71</ymin>
			<xmax>936</xmax>
			<ymax>367</ymax>
		</bndbox>
	</object>
</annotation>
