<annotation>
	<folder>images</folder>
	<filename>videoplayback2626.jpg</filename>
	<path>/Users/aditi/w251/MIDS_HW8/images/videoplayback2626.jpg</path>
	<source>
		<database>Unknown</database>
	</source>
	<size>
		<width>1000</width>
		<height>563</height>
		<depth>3</depth>
	</size>
	<segmented>0</segmented>
	<object>
		<name>mFalcon</name>
		<pose>Unspecified</pose>
		<truncated>0</truncated>
		<difficult>0</difficult>
		<bndbox>
			<xmin>181</xmin>
			<ymin>112</ymin>
			<xmax>489</xmax>
			<ymax>322</ymax>
		</bndbox>
	</object>
</annotation>
