<annotation>
	<folder>images</folder>
	<filename>videoplayback3397.jpg</filename>
	<path>/Users/aditi/w251/MIDS_HW8/images/videoplayback3397.jpg</path>
	<source>
		<database>Unknown</database>
	</source>
	<size>
		<width>1000</width>
		<height>563</height>
		<depth>3</depth>
	</size>
	<segmented>0</segmented>
	<object>
		<name>tieFighter</name>
		<pose>Unspecified</pose>
		<truncated>0</truncated>
		<difficult>0</difficult>
		<bndbox>
			<xmin>685</xmin>
			<ymin>131</ymin>
			<xmax>863</xmax>
			<ymax>318</ymax>
		</bndbox>
	</object>
	<object>
		<name>tieFighter</name>
		<pose>Unspecified</pose>
		<truncated>0</truncated>
		<difficult>0</difficult>
		<bndbox>
			<xmin>371</xmin>
			<ymin>79</ymin>
			<xmax>464</xmax>
			<ymax>170</ymax>
		</bndbox>
	</object>
</annotation>
