<annotation>
	<folder>images</folder>
	<filename>videoplayback2831.jpg</filename>
	<path>/Users/aditi/w251/MIDS_HW8/images/videoplayback2831.jpg</path>
	<source>
		<database>Unknown</database>
	</source>
	<size>
		<width>1000</width>
		<height>563</height>
		<depth>3</depth>
	</size>
	<segmented>0</segmented>
	<object>
		<name>tieFighter</name>
		<pose>Unspecified</pose>
		<truncated>0</truncated>
		<difficult>0</difficult>
		<bndbox>
			<xmin>454</xmin>
			<ymin>184</ymin>
			<xmax>575</xmax>
			<ymax>299</ymax>
		</bndbox>
	</object>
	<object>
		<name>tieFighter</name>
		<pose>Unspecified</pose>
		<truncated>0</truncated>
		<difficult>0</difficult>
		<bndbox>
			<xmin>699</xmin>
			<ymin>255</ymin>
			<xmax>828</xmax>
			<ymax>369</ymax>
		</bndbox>
	</object>
</annotation>
