<annotation>
	<folder>images</folder>
	<filename>videoplayback3391.jpg</filename>
	<path>/Users/aditi/w251/MIDS_HW8/images/videoplayback3391.jpg</path>
	<source>
		<database>Unknown</database>
	</source>
	<size>
		<width>1000</width>
		<height>563</height>
		<depth>3</depth>
	</size>
	<segmented>0</segmented>
	<object>
		<name>tieFighter</name>
		<pose>Unspecified</pose>
		<truncated>0</truncated>
		<difficult>0</difficult>
		<bndbox>
			<xmin>675</xmin>
			<ymin>181</ymin>
			<xmax>787</xmax>
			<ymax>296</ymax>
		</bndbox>
	</object>
	<object>
		<name>tieFighter</name>
		<pose>Unspecified</pose>
		<truncated>0</truncated>
		<difficult>0</difficult>
		<bndbox>
			<xmin>499</xmin>
			<ymin>129</ymin>
			<xmax>588</xmax>
			<ymax>207</ymax>
		</bndbox>
	</object>
</annotation>
