<annotation>
	<folder>images</folder>
	<filename>videoplayback1946.jpg</filename>
	<path>/Users/aditi/w251/MIDS_HW8/images/videoplayback1946.jpg</path>
	<source>
		<database>Unknown</database>
	</source>
	<size>
		<width>1000</width>
		<height>563</height>
		<depth>3</depth>
	</size>
	<segmented>0</segmented>
	<object>
		<name>mFalcon</name>
		<pose>Unspecified</pose>
		<truncated>0</truncated>
		<difficult>0</difficult>
		<bndbox>
			<xmin>133</xmin>
			<ymin>156</ymin>
			<xmax>713</xmax>
			<ymax>469</ymax>
		</bndbox>
	</object>
</annotation>
