<annotation>
	<folder>images</folder>
	<filename>videoplayback0096.jpg</filename>
	<path>/Users/aditi/w251/MIDS_HW8/images/videoplayback0096.jpg</path>
	<source>
		<database>Unknown</database>
	</source>
	<size>
		<width>1000</width>
		<height>563</height>
		<depth>3</depth>
	</size>
	<segmented>0</segmented>
	<object>
		<name>tieFighter</name>
		<pose>Unspecified</pose>
		<truncated>0</truncated>
		<difficult>0</difficult>
		<bndbox>
			<xmin>79</xmin>
			<ymin>250</ymin>
			<xmax>100</xmax>
			<ymax>271</ymax>
		</bndbox>
	</object>
	<object>
		<name>tieFighter</name>
		<pose>Unspecified</pose>
		<truncated>0</truncated>
		<difficult>0</difficult>
		<bndbox>
			<xmin>102</xmin>
			<ymin>271</ymin>
			<xmax>128</xmax>
			<ymax>297</ymax>
		</bndbox>
	</object>
</annotation>
