<annotation>
	<folder>images</folder>
	<filename>videoplayback3929.jpg</filename>
	<path>/Users/aditi/w251/MIDS_HW8/images/videoplayback3929.jpg</path>
	<source>
		<database>Unknown</database>
	</source>
	<size>
		<width>1000</width>
		<height>563</height>
		<depth>3</depth>
	</size>
	<segmented>0</segmented>
	<object>
		<name>mFalcon</name>
		<pose>Unspecified</pose>
		<truncated>0</truncated>
		<difficult>0</difficult>
		<bndbox>
			<xmin>128</xmin>
			<ymin>262</ymin>
			<xmax>689</xmax>
			<ymax>468</ymax>
		</bndbox>
	</object>
</annotation>
