<annotation>
	<folder>images</folder>
	<filename>videoplayback3660.jpg</filename>
	<path>/Users/aditi/w251/MIDS_HW8/images/videoplayback3660.jpg</path>
	<source>
		<database>Unknown</database>
	</source>
	<size>
		<width>1000</width>
		<height>563</height>
		<depth>3</depth>
	</size>
	<segmented>0</segmented>
	<object>
		<name>mFalcon</name>
		<pose>Unspecified</pose>
		<truncated>0</truncated>
		<difficult>0</difficult>
		<bndbox>
			<xmin>359</xmin>
			<ymin>228</ymin>
			<xmax>699</xmax>
			<ymax>339</ymax>
		</bndbox>
	</object>
	<object>
		<name>tieFighter</name>
		<pose>Unspecified</pose>
		<truncated>0</truncated>
		<difficult>0</difficult>
		<bndbox>
			<xmin>749</xmin>
			<ymin>312</ymin>
			<xmax>790</xmax>
			<ymax>352</ymax>
		</bndbox>
	</object>
	<object>
		<name>tieFighter</name>
		<pose>Unspecified</pose>
		<truncated>0</truncated>
		<difficult>0</difficult>
		<bndbox>
			<xmin>844</xmin>
			<ymin>276</ymin>
			<xmax>876</xmax>
			<ymax>301</ymax>
		</bndbox>
	</object>
</annotation>
