<annotation>
	<folder>images</folder>
	<filename>videoplayback1591.jpg</filename>
	<path>/Users/aditi/w251/MIDS_HW8/images/videoplayback1591.jpg</path>
	<source>
		<database>Unknown</database>
	</source>
	<size>
		<width>1000</width>
		<height>563</height>
		<depth>3</depth>
	</size>
	<segmented>0</segmented>
	<object>
		<name>tieFighter</name>
		<pose>Unspecified</pose>
		<truncated>0</truncated>
		<difficult>0</difficult>
		<bndbox>
			<xmin>57</xmin>
			<ymin>108</ymin>
			<xmax>171</xmax>
			<ymax>202</ymax>
		</bndbox>
	</object>
	<object>
		<name>tieFighter</name>
		<pose>Unspecified</pose>
		<truncated>0</truncated>
		<difficult>0</difficult>
		<bndbox>
			<xmin>80</xmin>
			<ymin>173</ymin>
			<xmax>140</xmax>
			<ymax>219</ymax>
		</bndbox>
	</object>
</annotation>
