<annotation>
	<folder>images</folder>
	<filename>videoplayback0802.jpg</filename>
	<path>/Users/aditi/w251/MIDS_HW8/images/videoplayback0802.jpg</path>
	<source>
		<database>Unknown</database>
	</source>
	<size>
		<width>1000</width>
		<height>563</height>
		<depth>3</depth>
	</size>
	<segmented>0</segmented>
	<object>
		<name>tieFighter</name>
		<pose>Unspecified</pose>
		<truncated>0</truncated>
		<difficult>0</difficult>
		<bndbox>
			<xmin>125</xmin>
			<ymin>179</ymin>
			<xmax>147</xmax>
			<ymax>197</ymax>
		</bndbox>
	</object>
	<object>
		<name>mFalcon</name>
		<pose>Unspecified</pose>
		<truncated>0</truncated>
		<difficult>0</difficult>
		<bndbox>
			<xmin>269</xmin>
			<ymin>223</ymin>
			<xmax>734</xmax>
			<ymax>356</ymax>
		</bndbox>
	</object>
</annotation>
