<annotation>
	<folder>images</folder>
	<filename>videoplayback1585.jpg</filename>
	<path>/Users/aditi/w251/MIDS_HW8/images/videoplayback1585.jpg</path>
	<source>
		<database>Unknown</database>
	</source>
	<size>
		<width>1000</width>
		<height>563</height>
		<depth>3</depth>
	</size>
	<segmented>0</segmented>
	<object>
		<name>tieFighter</name>
		<pose>Unspecified</pose>
		<truncated>0</truncated>
		<difficult>0</difficult>
		<bndbox>
			<xmin>124</xmin>
			<ymin>148</ymin>
			<xmax>191</xmax>
			<ymax>204</ymax>
		</bndbox>
	</object>
	<object>
		<name>tieFighter</name>
		<pose>Unspecified</pose>
		<truncated>0</truncated>
		<difficult>0</difficult>
		<bndbox>
			<xmin>182</xmin>
			<ymin>194</ymin>
			<xmax>221</xmax>
			<ymax>228</ymax>
		</bndbox>
	</object>
</annotation>
