<annotation>
	<folder>images</folder>
	<filename>videoplayback1643.jpg</filename>
	<path>/Users/aditi/w251/MIDS_HW8/images/videoplayback1643.jpg</path>
	<source>
		<database>Unknown</database>
	</source>
	<size>
		<width>1000</width>
		<height>563</height>
		<depth>3</depth>
	</size>
	<segmented>0</segmented>
	<object>
		<name>tieFighter</name>
		<pose>Unspecified</pose>
		<truncated>0</truncated>
		<difficult>0</difficult>
		<bndbox>
			<xmin>608</xmin>
			<ymin>238</ymin>
			<xmax>632</xmax>
			<ymax>261</ymax>
		</bndbox>
	</object>
	<object>
		<name>tieFighter</name>
		<pose>Unspecified</pose>
		<truncated>0</truncated>
		<difficult>0</difficult>
		<bndbox>
			<xmin>716</xmin>
			<ymin>247</ymin>
			<xmax>748</xmax>
			<ymax>278</ymax>
		</bndbox>
	</object>
	<object>
		<name>mFalcon</name>
		<pose>Unspecified</pose>
		<truncated>0</truncated>
		<difficult>0</difficult>
		<bndbox>
			<xmin>287</xmin>
			<ymin>269</ymin>
			<xmax>896</xmax>
			<ymax>452</ymax>
		</bndbox>
	</object>
</annotation>
