<annotation>
	<folder>images</folder>
	<filename>videoplayback0511.jpg</filename>
	<path>/Users/aditi/w251/MIDS_HW8/images/videoplayback0511.jpg</path>
	<source>
		<database>Unknown</database>
	</source>
	<size>
		<width>1000</width>
		<height>563</height>
		<depth>3</depth>
	</size>
	<segmented>0</segmented>
	<object>
		<name>tieFighter</name>
		<pose>Unspecified</pose>
		<truncated>0</truncated>
		<difficult>0</difficult>
		<bndbox>
			<xmin>99</xmin>
			<ymin>181</ymin>
			<xmax>143</xmax>
			<ymax>226</ymax>
		</bndbox>
	</object>
</annotation>
