<annotation>
	<folder>images</folder>
	<filename>videoplayback0147.jpg</filename>
	<path>/Users/aditi/w251/MIDS_HW8/images/videoplayback0147.jpg</path>
	<source>
		<database>Unknown</database>
	</source>
	<size>
		<width>1000</width>
		<height>563</height>
		<depth>3</depth>
	</size>
	<segmented>0</segmented>
	<object>
		<name>tieFighter</name>
		<pose>Unspecified</pose>
		<truncated>0</truncated>
		<difficult>0</difficult>
		<bndbox>
			<xmin>143</xmin>
			<ymin>338</ymin>
			<xmax>190</xmax>
			<ymax>377</ymax>
		</bndbox>
	</object>
	<object>
		<name>tieFighter</name>
		<pose>Unspecified</pose>
		<truncated>1</truncated>
		<difficult>0</difficult>
		<bndbox>
			<xmin>941</xmin>
			<ymin>209</ymin>
			<xmax>1000</xmax>
			<ymax>343</ymax>
		</bndbox>
	</object>
</annotation>
