<annotation>
	<folder>images</folder>
	<filename>videoplayback0778.jpg</filename>
	<path>/Users/aditi/w251/MIDS_HW8/images/videoplayback0778.jpg</path>
	<source>
		<database>Unknown</database>
	</source>
	<size>
		<width>1000</width>
		<height>563</height>
		<depth>3</depth>
	</size>
	<segmented>0</segmented>
	<object>
		<name>mFalcon</name>
		<pose>Unspecified</pose>
		<truncated>0</truncated>
		<difficult>0</difficult>
		<bndbox>
			<xmin>254</xmin>
			<ymin>233</ymin>
			<xmax>724</xmax>
			<ymax>359</ymax>
		</bndbox>
	</object>
</annotation>
