<annotation>
	<folder>images</folder>
	<filename>videoplayback0850.jpg</filename>
	<path>/Users/aditi/w251/MIDS_HW8/images/videoplayback0850.jpg</path>
	<source>
		<database>Unknown</database>
	</source>
	<size>
		<width>1000</width>
		<height>563</height>
		<depth>3</depth>
	</size>
	<segmented>0</segmented>
	<object>
		<name>tieFighter</name>
		<pose>Unspecified</pose>
		<truncated>0</truncated>
		<difficult>0</difficult>
		<bndbox>
			<xmin>265</xmin>
			<ymin>131</ymin>
			<xmax>284</xmax>
			<ymax>145</ymax>
		</bndbox>
	</object>
	<object>
		<name>tieFighter</name>
		<pose>Unspecified</pose>
		<truncated>0</truncated>
		<difficult>0</difficult>
		<bndbox>
			<xmin>502</xmin>
			<ymin>178</ymin>
			<xmax>520</xmax>
			<ymax>196</ymax>
		</bndbox>
	</object>
	<object>
		<name>mFalcon</name>
		<pose>Unspecified</pose>
		<truncated>0</truncated>
		<difficult>0</difficult>
		<bndbox>
			<xmin>265</xmin>
			<ymin>211</ymin>
			<xmax>750</xmax>
			<ymax>338</ymax>
		</bndbox>
	</object>
</annotation>
