<annotation>
	<folder>images</folder>
	<filename>videoplayback3216.jpg</filename>
	<path>/Users/aditi/w251/MIDS_HW8/images/videoplayback3216.jpg</path>
	<source>
		<database>Unknown</database>
	</source>
	<size>
		<width>1000</width>
		<height>563</height>
		<depth>3</depth>
	</size>
	<segmented>0</segmented>
	<object>
		<name>tieFighter</name>
		<pose>Unspecified</pose>
		<truncated>0</truncated>
		<difficult>0</difficult>
		<bndbox>
			<xmin>318</xmin>
			<ymin>287</ymin>
			<xmax>407</xmax>
			<ymax>377</ymax>
		</bndbox>
	</object>
	<object>
		<name>mFalcon</name>
		<pose>Unspecified</pose>
		<truncated>0</truncated>
		<difficult>0</difficult>
		<bndbox>
			<xmin>185</xmin>
			<ymin>298</ymin>
			<xmax>301</xmax>
			<ymax>361</ymax>
		</bndbox>
	</object>
</annotation>
