<annotation>
	<folder>images</folder>
	<filename>videoplayback0541.jpg</filename>
	<path>/Users/aditi/w251/MIDS_HW8/images/videoplayback0541.jpg</path>
	<source>
		<database>Unknown</database>
	</source>
	<size>
		<width>1000</width>
		<height>563</height>
		<depth>3</depth>
	</size>
	<segmented>0</segmented>
	<object>
		<name>tieFighter</name>
		<pose>Unspecified</pose>
		<truncated>0</truncated>
		<difficult>0</difficult>
		<bndbox>
			<xmin>178</xmin>
			<ymin>231</ymin>
			<xmax>204</xmax>
			<ymax>256</ymax>
		</bndbox>
	</object>
</annotation>
