<annotation>
	<folder>images</folder>
	<filename>videoplayback3476.jpg</filename>
	<path>/Users/aditi/w251/MIDS_HW8/images/videoplayback3476.jpg</path>
	<source>
		<database>Unknown</database>
	</source>
	<size>
		<width>1000</width>
		<height>563</height>
		<depth>3</depth>
	</size>
	<segmented>0</segmented>
	<object>
		<name>tieFighter</name>
		<pose>Unspecified</pose>
		<truncated>0</truncated>
		<difficult>0</difficult>
		<bndbox>
			<xmin>78</xmin>
			<ymin>176</ymin>
			<xmax>237</xmax>
			<ymax>335</ymax>
		</bndbox>
	</object>
	<object>
		<name>mFalcon</name>
		<pose>Unspecified</pose>
		<truncated>0</truncated>
		<difficult>0</difficult>
		<bndbox>
			<xmin>331</xmin>
			<ymin>238</ymin>
			<xmax>468</xmax>
			<ymax>287</ymax>
		</bndbox>
	</object>
	<object>
		<name>tieFighter</name>
		<pose>Unspecified</pose>
		<truncated>1</truncated>
		<difficult>0</difficult>
		<bndbox>
			<xmin>681</xmin>
			<ymin>174</ymin>
			<xmax>1000</xmax>
			<ymax>490</ymax>
		</bndbox>
	</object>
</annotation>
