<annotation>
	<folder>images</folder>
	<filename>videoplayback2825.jpg</filename>
	<path>/Users/aditi/w251/MIDS_HW8/images/videoplayback2825.jpg</path>
	<source>
		<database>Unknown</database>
	</source>
	<size>
		<width>1000</width>
		<height>563</height>
		<depth>3</depth>
	</size>
	<segmented>0</segmented>
	<object>
		<name>tieFighter</name>
		<pose>Unspecified</pose>
		<truncated>0</truncated>
		<difficult>0</difficult>
		<bndbox>
			<xmin>480</xmin>
			<ymin>173</ymin>
			<xmax>579</xmax>
			<ymax>261</ymax>
		</bndbox>
	</object>
	<object>
		<name>tieFighter</name>
		<pose>Unspecified</pose>
		<truncated>0</truncated>
		<difficult>0</difficult>
		<bndbox>
			<xmin>699</xmin>
			<ymin>233</ymin>
			<xmax>804</xmax>
			<ymax>323</ymax>
		</bndbox>
	</object>
</annotation>
